{
	"multipart":[
		{"when":{"down":false,"east":false,"north":false,"south":false,"up":false,"west":false},"apply":{"model":"mmoitems_example_blocks:block/mushroom/survival/mushroom_stem_0"}},
		{"when":{"down":false,"east":true,"north":true,"south":true,"up":false,"west":true},"apply":{"model":"mmoitems_example_blocks:block/mushroom/survival/mushroom_stem_1"}},
		{"when":{"down":true,"east":true,"north":true,"south":true,"up":true,"west":true},"apply":{"model":"mmoitems_example_blocks:block/mushroom/survival/mushroom_stem_2"}},
		{"when":{"down":false,"east":false,"north":false,"south":false,"up":false,"west":true},"apply":{"model":"mmoitems_example_blocks:block/mushroom/100"}},
		{"when":{"down":false,"east":false,"north":false,"south":false,"up":true,"west":false},"apply":{"model":"mmoitems_example_blocks:block/mushroom/101"}},
		{"when":{"down":false,"east":false,"north":false,"south":false,"up":true,"west":true},"apply":{"model":"mmoitems_example_blocks:block/mushroom/102"}},
		{"when":{"down":false,"east":false,"north":false,"south":true,"up":false,"west":false},"apply":{"model":"mmoitems_example_blocks:block/mushroom/103"}},
		{"when":{"down":false,"east":false,"north":false,"south":true,"up":false,"west":true},"apply":{"model":"mmoitems_example_blocks:block/mushroom/104"}},
		{"when":{"down":false,"east":false,"north":false,"south":true,"up":true,"west":false},"apply":{"model":"mmoitems_example_blocks:block/mushroom/105"}},
		{"when":{"down":false,"east":false,"north":false,"south":true,"up":true,"west":true},"apply":{"model":"mmoitems_example_blocks:block/mushroom/106"}},
		{"when":{"down":false,"east":false,"north":true,"south":false,"up":false,"west":false},"apply":{"model":"mmoitems_example_blocks:block/mushroom/107"}},
		{"when":{"down":false,"east":false,"north":true,"south":false,"up":false,"west":true},"apply":{"model":"mmoitems_example_blocks:block/mushroom/108"}},
		{"when":{"down":false,"east":false,"north":true,"south":false,"up":true,"west":false},"apply":{"model":"mmoitems_example_blocks:block/mushroom/109"}},
		{"when":{"down":false,"east":false,"north":true,"south":false,"up":true,"west":true},"apply":{"model":"mmoitems_example_blocks:block/mushroom/110"}},
		{"when":{"down":false,"east":false,"north":true,"south":true,"up":false,"west":false},"apply":{"model":"mmoitems_example_blocks:block/mushroom/111"}},
		{"when":{"down":false,"east":false,"north":true,"south":true,"up":false,"west":true},"apply":{"model":"mmoitems_example_blocks:block/mushroom/112"}},
		{"when":{"down":false,"east":false,"north":true,"south":true,"up":true,"west":false},"apply":{"model":"mmoitems_example_blocks:block/mushroom/113"}},
		{"when":{"down":false,"east":false,"north":true,"south":true,"up":true,"west":true},"apply":{"model":"mmoitems_example_blocks:block/mushroom/114"}},
		{"when":{"down":false,"east":true,"north":false,"south":false,"up":false,"west":false},"apply":{"model":"mmoitems_example_blocks:block/mushroom/115"}},
		{"when":{"down":false,"east":true,"north":false,"south":false,"up":false,"west":true},"apply":{"model":"mmoitems_example_blocks:block/mushroom/116"}},
		{"when":{"down":false,"east":true,"north":false,"south":false,"up":true,"west":false},"apply":{"model":"mmoitems_example_blocks:block/mushroom/117"}},
		{"when":{"down":false,"east":true,"north":false,"south":false,"up":true,"west":true},"apply":{"model":"mmoitems_example_blocks:block/mushroom/118"}},
		{"when":{"down":false,"east":true,"north":false,"south":true,"up":false,"west":false},"apply":{"model":"mmoitems_example_blocks:block/mushroom/119"}},
		{"when":{"down":false,"east":true,"north":false,"south":true,"up":false,"west":true},"apply":{"model":"mmoitems_example_blocks:block/mushroom/120"}},
		{"when":{"down":false,"east":true,"north":false,"south":true,"up":true,"west":false},"apply":{"model":"mmoitems_example_blocks:block/mushroom/121"}},
		{"when":{"down":false,"east":true,"north":false,"south":true,"up":true,"west":true},"apply":{"model":"mmoitems_example_blocks:block/mushroom/122"}},
		{"when":{"down":false,"east":true,"north":true,"south":false,"up":false,"west":false},"apply":{"model":"mmoitems_example_blocks:block/mushroom/123"}},
		{"when":{"down":false,"east":true,"north":true,"south":false,"up":false,"west":true},"apply":{"model":"mmoitems_example_blocks:block/mushroom/124"}},
		{"when":{"down":false,"east":true,"north":true,"south":false,"up":true,"west":false},"apply":{"model":"mmoitems_example_blocks:block/mushroom/125"}},
		{"when":{"down":false,"east":true,"north":true,"south":false,"up":true,"west":true},"apply":{"model":"mmoitems_example_blocks:block/mushroom/126"}},
		{"when":{"down":false,"east":true,"north":true,"south":true,"up":false,"west":false},"apply":{"model":"mmoitems_example_blocks:block/mushroom/127"}},
		{"when":{"down":false,"east":true,"north":true,"south":true,"up":true,"west":false},"apply":{"model":"mmoitems_example_blocks:block/mushroom/128"}},
		{"when":{"down":false,"east":true,"north":true,"south":true,"up":true,"west":true},"apply":{"model":"mmoitems_example_blocks:block/mushroom/129"}},
		{"when":{"down":true,"east":false,"north":false,"south":false,"up":false,"west":false},"apply":{"model":"mmoitems_example_blocks:block/mushroom/130"}},
		{"when":{"down":true,"east":false,"north":false,"south":false,"up":false,"west":true},"apply":{"model":"mmoitems_example_blocks:block/mushroom/131"}},
		{"when":{"down":true,"east":false,"north":false,"south":false,"up":true,"west":false},"apply":{"model":"mmoitems_example_blocks:block/mushroom/132"}},
		{"when":{"down":true,"east":false,"north":false,"south":false,"up":true,"west":true},"apply":{"model":"mmoitems_example_blocks:block/mushroom/133"}},
		{"when":{"down":true,"east":false,"north":false,"south":true,"up":false,"west":false},"apply":{"model":"mmoitems_example_blocks:block/mushroom/134"}},
		{"when":{"down":true,"east":false,"north":false,"south":true,"up":false,"west":true},"apply":{"model":"mmoitems_example_blocks:block/mushroom/135"}},
		{"when":{"down":true,"east":false,"north":false,"south":true,"up":true,"west":false},"apply":{"model":"mmoitems_example_blocks:block/mushroom/136"}},
		{"when":{"down":true,"east":false,"north":false,"south":true,"up":true,"west":true},"apply":{"model":"mmoitems_example_blocks:block/mushroom/137"}},
		{"when":{"down":true,"east":false,"north":true,"south":false,"up":false,"west":false},"apply":{"model":"mmoitems_example_blocks:block/mushroom/138"}},
		{"when":{"down":true,"east":false,"north":true,"south":false,"up":false,"west":true},"apply":{"model":"mmoitems_example_blocks:block/mushroom/139"}},
		{"when":{"down":true,"east":false,"north":true,"south":false,"up":true,"west":false},"apply":{"model":"mmoitems_example_blocks:block/mushroom/140"}},
		{"when":{"down":true,"east":false,"north":true,"south":false,"up":true,"west":true},"apply":{"model":"mmoitems_example_blocks:block/mushroom/141"}},
		{"when":{"down":true,"east":false,"north":true,"south":true,"up":false,"west":false},"apply":{"model":"mmoitems_example_blocks:block/mushroom/142"}},
		{"when":{"down":true,"east":false,"north":true,"south":true,"up":false,"west":true},"apply":{"model":"mmoitems_example_blocks:block/mushroom/143"}},
		{"when":{"down":true,"east":false,"north":true,"south":true,"up":true,"west":false},"apply":{"model":"mmoitems_example_blocks:block/mushroom/144"}},
		{"when":{"down":true,"east":false,"north":true,"south":true,"up":true,"west":true},"apply":{"model":"mmoitems_example_blocks:block/mushroom/145"}},
		{"when":{"down":true,"east":true,"north":false,"south":false,"up":false,"west":false},"apply":{"model":"mmoitems_example_blocks:block/mushroom/146"}},
		{"when":{"down":true,"east":true,"north":false,"south":false,"up":false,"west":true},"apply":{"model":"mmoitems_example_blocks:block/mushroom/147"}},
		{"when":{"down":true,"east":true,"north":false,"south":false,"up":true,"west":false},"apply":{"model":"mmoitems_example_blocks:block/mushroom/148"}},
		{"when":{"down":true,"east":true,"north":false,"south":false,"up":true,"west":true},"apply":{"model":"mmoitems_example_blocks:block/mushroom/149"}},
		{"when":{"down":true,"east":true,"north":false,"south":true,"up":false,"west":false},"apply":{"model":"mmoitems_example_blocks:block/mushroom/150"}},
		{"when":{"down":true,"east":true,"north":false,"south":true,"up":false,"west":true},"apply":{"model":"mmoitems_example_blocks:block/mushroom/151"}},
		{"when":{"down":true,"east":true,"north":false,"south":true,"up":true,"west":false},"apply":{"model":"mmoitems_example_blocks:block/mushroom/152"}},
		{"when":{"down":true,"east":true,"north":false,"south":true,"up":true,"west":true},"apply":{"model":"mmoitems_example_blocks:block/mushroom/153"}},
		{"when":{"down":true,"east":true,"north":true,"south":false,"up":false,"west":false},"apply":{"model":"mmoitems_example_blocks:block/mushroom/154"}},
		{"when":{"down":true,"east":true,"north":true,"south":false,"up":false,"west":true},"apply":{"model":"mmoitems_example_blocks:block/mushroom/155"}},
		{"when":{"down":true,"east":true,"north":true,"south":false,"up":true,"west":false},"apply":{"model":"mmoitems_example_blocks:block/mushroom/156"}},
		{"when":{"down":true,"east":true,"north":true,"south":false,"up":true,"west":true},"apply":{"model":"mmoitems_example_blocks:block/mushroom/157"}},
		{"when":{"down":true,"east":true,"north":true,"south":true,"up":false,"west":false},"apply":{"model":"mmoitems_example_blocks:block/mushroom/158"}},
		{"when":{"down":true,"east":true,"north":true,"south":true,"up":false,"west":true},"apply":{"model":"mmoitems_example_blocks:block/mushroom/159"}},
		{"when":{"down":true,"east":true,"north":true,"south":true,"up":true,"west":false},"apply":{"model":"mmoitems_example_blocks:block/mushroom/160"}}
	]
}
